{
	"settings": {
		"appearanceTools": true,
		"color": {
			"palette": [
				{
					"color": "#f6f6f6",
					"name": "Base",
					"slug": "base"
				},
				{
					"color": "#000000",
					"name": "Contrast",
					"slug": "contrast"
				},
				{
					"color": "#ECC76A",
					"name": "Primary",
					"slug": "primary"
				},
				{
					"color": "#B58ECD",
					"name": "Secondary",
					"slug": "secondary"
				},
				{
					"color": "#AACD8E",
					"name": "Tertiary",
					"slug": "tertiary"
				}
			]
		},
		"layout": {
			"contentSize": "620px",
			"wideSize": "1000px"
		},
		"spacing": {
			"units": [
				"%",
				"px",
				"em",
				"rem",
				"vh",
				"vw"
			]
		},
		"typography": {
			"fontFamilies": [
				{
					"fontFamily": "-apple-system, BlinkMacSystemFont, 'Segoe UI', Roboto, Oxygen-Sans, Ubuntu, Cantarell, 'Helvetica Neue', sans-serif",
					"name": "System Font",
					"slug": "system-font"
				}
			],
			"fontSizes": [
				{
					"name": "sm",
					"size": "1rem",
					"slug": "sm"
				},
				{
					"name": "md",
					"size": "1.333rem",
					"slug": "md"
				},
				{
					"name": "lg",
					"size": "2.369rem",
					"slug": "lg"
				},
				{
					"name": "xl",
					"size": "3.157rem",
					"slug": "xl"
				},
				{
					"name": "xxl",
					"size": "4.209rem",
					"slug": "xxl"
				}
			]
		}
	},
	"styles": {
		"color": {
			"background": "var:preset|color|base",
			"text": "var:preset|color|contrast"
		},
		"elements": {
			"button": {
				"color": {
					"background": "var:preset|color|contrast",
					"text": "var:preset|color|base"
				}
			},
			"h1": {
				"typography": {
					"fontSize": "var:preset|font-size|xxl",
					"lineHeight": 1
				}
			},
			"h2": {
				"typography": {
					"fontSize": "var:preset|font-size|xxl",
					"lineHeight": 1.2
				}
			},
			"heading": {
				"color": {
					"text": "#000000"
				},
				"typography": {
					"fontFamily": "var:preset|font-family|system-font"
				}
			},
			"link": {
				"color": {
					"text": "var:preset|color|contrast"
				}
			}
		},
		"typography": {
			"fontFamily": "var:preset|font-family|system-font",
			"fontSize": "var:preset|font-size|md",
			"lineHeight": "1.4"
		}
	},
	"version": 2,
	"$schema": "https://schemas.wp.org/trunk/theme.json"
}